{
    "name":"Cone.001Geometry.2",
    "uvs":[],
    "normals":[0.330668,0.503281,-0.798334,0,-1,0,0.168554,0.503281,-0.847499,0,0.503281,-0.864101,-0.168554,0.503281,-0.847499,0.480056,0.503281,-0.718467,0.611011,0.503281,-0.611011,0.718467,0.503281,-0.480056,0.798334,0.503281,-0.330668,0.847499,0.503281,-0.168554,0.864101,0.503281,0,0.847499,0.503281,0.168554,0.798334,0.503281,0.330668,0.718467,0.503281,0.480056,0.611011,0.503281,0.611011,0.480056,0.503281,0.718467,0.330668,0.503281,0.798334,0.168554,0.503281,0.847499,0,0.503281,0.864101,-0.168554,0.503281,0.847499,-0.330668,0.503281,0.798334,-0.480056,0.503281,0.718467,-0.611011,0.503281,0.611011,-0.718467,0.503281,0.480056,-0.798334,0.503281,0.330668,-0.847499,0.503281,0.168554,-0.864101,0.503281,0,-0.847499,0.503281,-0.168554,-0.798334,0.503281,-0.330668,-0.718467,0.503281,-0.480056,-0.611011,0.503281,-0.611011,-0.480056,0.503281,-0.718467,-0.330668,0.503281,-0.798334],
    "vertices":[0,6,-1,-0.19509,6,-0.980786,-0.382683,6,-0.92388,-0.55557,6,-0.83147,-0.707107,6,-0.707107,-0.83147,6,-0.55557,-0.923879,6,-0.382684,-0.980785,6,-0.195091,-1,6,-0,-0,4,-0,-0.980785,6,0.19509,-0.92388,6,0.382683,-0.83147,6,0.55557,-0.707107,6,0.707106,-0.55557,6,0.831469,-0.382683,6,0.923879,-0.19509,6,0.980785,0,6,1,0.195091,6,0.980785,0.382684,6,0.923879,0.555571,6,0.831469,0.707107,6,0.707106,0.83147,6,0.555569,0.92388,6,0.382682,0.980785,6,0.195089,1,6,-1e-06,0.980785,6,-0.195092,0.923879,6,-0.382685,0.831469,6,-0.555572,0.707106,6,-0.707108,0.555569,6,-0.831471,0.382682,6,-0.92388,0.195089,6,-0.980786],
    "metadata":{
        "type":"Geometry",
        "version":3,
        "uvs":0,
        "generator":"io_three",
        "normals":33,
        "vertices":33,
        "faces":62
    },
    "faces":[32,31,9,32,0,1,2,32,0,9,1,3,1,4,32,30,9,31,5,1,0,32,29,9,30,6,1,5,32,28,9,29,7,1,6,32,27,9,28,8,1,7,32,26,9,27,9,1,8,32,25,9,26,10,1,9,32,24,9,25,11,1,10,32,23,9,24,12,1,11,32,22,9,23,13,1,12,32,21,9,22,14,1,13,32,20,9,21,15,1,14,32,19,9,20,16,1,15,32,18,9,19,17,1,16,32,17,9,18,18,1,17,32,16,9,17,19,1,18,32,15,9,16,20,1,19,32,14,9,15,21,1,20,32,13,9,14,22,1,21,32,12,9,13,23,1,22,32,11,9,12,24,1,23,32,10,9,11,25,1,24,32,8,9,10,26,1,25,32,7,9,8,27,1,26,32,6,9,7,28,1,27,32,5,9,6,29,1,28,32,4,9,5,30,1,29,32,3,9,4,31,1,30,32,2,9,3,32,1,31,32,32,9,0,2,1,3,32,1,9,2,4,1,32,32,32,0,1,2,3,4,32,1,2,3,4,32,31,32,3,4,5,31,30,29,32,5,6,7,29,28,27,32,7,8,10,27,26,25,32,10,11,12,25,24,23,32,12,13,14,23,22,21,32,14,15,16,21,20,19,32,16,17,18,19,18,17,32,18,19,20,17,16,15,32,20,21,22,15,14,13,32,22,23,24,13,12,11,32,24,25,26,11,10,9,32,26,27,28,9,8,7,32,28,29,30,7,6,5,32,30,31,32,5,0,2,32,32,1,3,2,4,31,32,3,5,7,31,29,27,32,7,10,12,27,25,23,32,12,14,16,23,21,19,32,16,18,20,19,17,15,32,20,22,24,15,13,11,32,24,26,28,11,9,7,32,28,30,32,7,5,2,32,32,3,7,2,31,27,32,7,12,16,27,23,19,32,16,20,24,19,15,11,32,24,28,32,11,7,2,32,32,7,16,2,27,19,32,16,24,32,19,11,2]
}