{
    "name":"CylinderGeometry.1",
    "uvs":[],
    "normals":[0,-0.68569,-0.727866,0,0.68569,-0.727866,0.142003,0.68569,-0.713889,0.142003,-0.68569,-0.713889,0.278542,0.68569,-0.672475,0.278542,-0.68569,-0.672475,0.40437,0.68569,-0.605213,0.40437,-0.68569,-0.605213,0.514664,0.68569,-0.514664,0.514664,-0.68569,-0.514664,0.605213,0.68569,-0.40437,0.605213,-0.68569,-0.40437,0.672475,0.68569,-0.278542,0.672475,-0.68569,-0.278542,0.713889,0.68569,-0.142003,0.713889,-0.68569,-0.142003,0.727866,0.68569,0,0.727866,-0.68569,0,0.713889,0.68569,0.142003,0.713889,-0.68569,0.142003,0.672475,0.68569,0.278542,0.672475,-0.68569,0.278542,0.605213,0.68569,0.40437,0.605213,-0.68569,0.40437,0.514664,0.68569,0.514664,0.514664,-0.68569,0.514664,0.40437,0.68569,0.605213,0.40437,-0.68569,0.605213,0.278542,0.68569,0.672475,0.278542,-0.68569,0.672475,0.142003,0.68569,0.713889,0.142003,-0.68569,0.713889,0,0.68569,0.727866,0,-0.68569,0.727866,-0.142003,0.68569,0.713889,-0.142003,-0.68569,0.713889,-0.278542,0.68569,0.672475,-0.278542,-0.68569,0.672475,-0.40437,0.68569,0.605213,-0.40437,-0.68569,0.605213,-0.514664,0.68569,0.514664,-0.514664,-0.68569,0.514664,-0.605213,0.68569,0.40437,-0.605213,-0.68569,0.40437,-0.672475,0.68569,0.278542,-0.672475,-0.68569,0.278542,-0.713889,0.68569,0.142003,-0.713889,-0.68569,0.142003,-0.727866,0.68569,0,-0.727866,-0.68569,0,-0.713889,0.68569,-0.142003,-0.713889,-0.68569,-0.142003,-0.672475,0.68569,-0.278542,-0.672475,-0.68569,-0.278542,-0.605213,0.68569,-0.40437,-0.605213,-0.68569,-0.40437,-0.514664,0.68569,-0.514695,-0.514664,-0.68569,-0.514695,-0.40437,0.68569,-0.605213,-0.40437,-0.68569,-0.605213,-0.278542,0.68569,-0.672475,-0.278542,-0.68569,-0.672475,-0.142003,0.68569,-0.713889,-0.142003,-0.68569,-0.713889],
    "vertices":[0,1,-1,0,5,-1,0.19509,1,-0.980785,0.19509,5,-0.980785,0.382683,1,-0.92388,0.382683,5,-0.92388,0.55557,1,-0.83147,0.55557,5,-0.83147,0.707107,1,-0.707107,0.707107,5,-0.707107,0.83147,1,-0.55557,0.83147,5,-0.55557,0.92388,1,-0.382683,0.92388,5,-0.382684,0.980785,1,-0.19509,0.980785,5,-0.195091,1,1,-0,1,5,-0,0.980785,1,0.19509,0.980785,5,0.19509,0.92388,1,0.382683,0.92388,5,0.382683,0.83147,1,0.55557,0.83147,5,0.55557,0.707107,1,0.707107,0.707107,5,0.707107,0.55557,1,0.83147,0.55557,5,0.831469,0.382683,1,0.92388,0.382683,5,0.923879,0.19509,1,0.980785,0.19509,5,0.980785,-0,1,1,-0,5,1,-0.195091,1,0.980785,-0.195091,5,0.980785,-0.382684,1,0.923879,-0.382684,5,0.923879,-0.555571,1,0.831469,-0.555571,5,0.831469,-0.707107,1,0.707106,-0.707107,5,0.707106,-0.83147,1,0.55557,-0.83147,5,0.555569,-0.92388,1,0.382683,-0.92388,5,0.382682,-0.980785,1,0.195089,-0.980785,5,0.195089,-1,1,-1e-06,-1,5,-1e-06,-0.980785,1,-0.195091,-0.980785,5,-0.195092,-0.923879,1,-0.382684,-0.923879,5,-0.382685,-0.831469,1,-0.555571,-0.831469,5,-0.555571,-0.707106,1,-0.707108,-0.707106,5,-0.707108,-0.555569,1,-0.83147,-0.555569,5,-0.831471,-0.382682,1,-0.92388,-0.382682,5,-0.92388,-0.195089,1,-0.980786,-0.195089,5,-0.980786],
    "metadata":{
        "type":"Geometry",
        "version":3,
        "uvs":0,
        "generator":"io_three",
        "normals":64,
        "vertices":64,
        "faces":92
    },
    "faces":[33,0,1,3,2,0,1,2,3,33,2,3,5,4,3,2,4,5,33,4,5,7,6,5,4,6,7,33,6,7,9,8,7,6,8,9,33,8,9,11,10,9,8,10,11,33,10,11,13,12,11,10,12,13,33,12,13,15,14,13,12,14,15,33,14,15,17,16,15,14,16,17,33,16,17,19,18,17,16,18,19,33,18,19,21,20,19,18,20,21,33,20,21,23,22,21,20,22,23,33,22,23,25,24,23,22,24,25,33,24,25,27,26,25,24,26,27,33,26,27,29,28,27,26,28,29,33,28,29,31,30,29,28,30,31,33,30,31,33,32,31,30,32,33,33,32,33,35,34,33,32,34,35,33,34,35,37,36,35,34,36,37,33,36,37,39,38,37,36,38,39,33,38,39,41,40,39,38,40,41,33,40,41,43,42,41,40,42,43,33,42,43,45,44,43,42,44,45,33,44,45,47,46,45,44,46,47,33,46,47,49,48,47,46,48,49,33,48,49,51,50,49,48,50,51,33,50,51,53,52,51,50,52,53,33,52,53,55,54,53,52,54,55,33,54,55,57,56,55,54,56,57,33,56,57,59,58,57,56,58,59,33,58,59,61,60,59,58,60,61,32,5,3,1,4,2,1,32,1,63,61,1,62,60,32,61,59,57,60,58,56,32,57,55,53,56,54,52,32,53,51,49,52,50,48,32,49,47,45,48,46,44,32,45,43,41,44,42,40,32,41,39,37,40,38,36,32,37,35,33,36,34,32,32,33,31,29,32,30,28,32,29,27,25,28,26,24,32,25,23,21,24,22,20,32,21,19,17,20,18,16,32,17,15,13,16,14,12,32,13,11,9,12,10,8,32,9,7,5,8,6,4,32,5,1,61,4,1,60,32,61,57,53,60,56,52,32,53,49,45,52,48,44,32,45,41,37,44,40,36,32,37,33,29,36,32,28,32,29,25,21,28,24,20,32,21,17,13,20,16,12,32,13,9,5,12,8,4,32,5,61,53,4,60,52,32,53,45,37,52,44,36,32,37,29,21,36,28,20,32,21,13,5,20,12,4,32,5,53,37,4,52,36,32,37,21,5,36,20,4,33,1,0,62,63,1,0,63,62,33,60,61,63,62,61,60,62,63,32,62,0,2,63,0,3,32,2,4,6,3,5,7,32,6,8,10,7,9,11,32,10,12,14,11,13,15,32,14,16,18,15,17,19,32,18,20,22,19,21,23,32,22,24,26,23,25,27,32,26,28,30,27,29,31,32,30,32,34,31,33,35,32,34,36,38,35,37,39,32,38,40,42,39,41,43,32,42,44,46,43,45,47,32,46,48,50,47,49,51,32,50,52,54,51,53,55,32,54,56,58,55,57,59,32,58,60,62,59,61,63,32,62,2,6,63,3,7,32,6,10,14,7,11,15,32,14,18,22,15,19,23,32,22,26,30,23,27,31,32,30,34,38,31,35,39,32,38,42,46,39,43,47,32,46,50,54,47,51,55,32,54,58,62,55,59,63,32,62,6,14,63,7,15,32,14,22,30,15,23,31,32,30,38,46,31,39,47,32,46,54,62,47,55,63,32,62,14,30,63,15,31,32,30,46,62,31,47,63]
}