{
    "metadata":{
        "normals":29,
        "generator":"io_three",
        "version":3,
        "faces":145,
        "vertices":162,
        "type":"Geometry",
        "uvs":0
    },
    "normals":[0,0,1,-0.707083,0,0.707083,0.707083,0,0.707083,0,0.707083,0.707083,0,0.447188,0.894406,0.470717,0.838099,-0.275613,0.316202,0,0.948668,-0.316202,0,0.948668,0.331095,0.294748,0.896359,0.465743,0.276406,0.840602,0,1,0,0.729637,0.649556,-0.213599,0.574419,0.255684,0.777551,0.659444,0.234809,0.714103,0.848079,0.503311,-0.165502,-0.301492,0.904508,0.301492,0.936369,0.333415,-0.109653,0.905515,0.403058,-0.132542,0,0.707083,-0.707083,-0.301492,0.904508,-0.301492,-0.577349,0.577349,0.577349,0.954497,0.283242,-0.093142,-0.707083,0.707083,0,0.577349,0.577349,-0.577349,0.707083,0.707083,0,0.301492,0.904508,0.301492,-0.577349,0.577349,-0.577349,0.301492,0.904508,-0.301492,0.577349,0.577349,0.577349],
    "name":"PlaneGeometry",
    "faces":[33,4,5,75,74,0,0,1,1,33,17,18,86,85,0,0,2,2,33,29,30,97,96,3,3,2,2,33,2,4,74,73,0,0,1,1,33,16,17,85,84,0,0,2,2,33,28,29,96,95,4,3,2,2,33,27,2,73,72,0,0,1,5,33,1,16,84,69,0,0,2,6,33,21,3,71,70,0,0,2,2,33,63,62,113,108,4,3,1,7,33,14,15,68,83,0,0,0,0,33,40,34,101,103,3,3,8,9,33,15,1,69,68,0,0,6,0,33,62,61,112,113,3,3,1,1,33,28,34,35,29,4,3,10,3,33,29,35,36,30,3,10,10,3,33,30,36,37,31,3,10,10,3,33,31,37,38,32,3,10,10,3,33,32,38,39,33,3,10,3,4,33,13,14,83,82,0,0,0,0,33,34,40,41,35,3,3,10,10,33,35,41,42,36,10,10,10,10,33,36,42,43,37,10,10,10,10,33,37,43,44,38,10,10,10,10,33,38,44,45,39,10,10,3,3,33,33,39,100,94,4,3,0,6,33,40,46,47,41,3,3,10,10,33,41,47,48,42,10,10,10,10,33,42,48,49,43,10,10,10,10,33,43,49,50,44,10,10,10,10,33,44,50,51,45,10,10,3,3,33,26,27,72,93,0,0,5,11,33,46,52,53,47,3,3,10,10,33,47,53,54,48,10,10,10,10,33,48,54,55,49,10,10,10,10,33,49,55,56,50,10,10,10,10,33,50,56,57,51,10,10,3,3,33,52,46,105,107,3,3,12,13,33,52,58,59,53,3,4,3,10,33,53,59,60,54,10,3,3,10,33,54,60,61,55,10,3,3,10,33,55,61,62,56,10,3,3,10,33,56,62,63,57,10,3,4,3,33,9,0,67,66,0,0,7,1,33,61,60,111,112,3,3,1,1,33,12,13,82,81,0,0,0,0,33,25,26,93,92,0,0,11,14,33,45,51,104,102,3,3,0,0,33,60,59,110,111,3,3,1,1,33,106,108,156,154,0,7,15,3,33,79,80,128,127,0,0,3,3,33,90,91,139,138,16,17,18,18,33,109,107,155,157,1,13,18,19,33,67,79,127,115,7,0,3,20,33,89,90,138,137,21,16,18,18,33,104,106,154,152,0,0,3,3,33,78,66,114,126,1,1,22,22,33,108,113,161,156,7,1,22,15,33,71,89,137,119,2,21,18,23,33,107,105,153,155,13,12,18,18,33,77,78,126,125,1,1,22,22,33,113,112,160,161,1,1,22,22,33,88,70,118,136,2,2,24,24,33,102,104,152,150,0,0,3,3,33,99,94,142,147,2,6,25,24,33,76,77,125,124,1,1,22,22,33,112,111,159,160,1,1,22,22,33,87,88,136,135,2,2,24,24,33,105,103,151,153,12,9,18,18,33,98,99,147,146,2,2,24,24,33,75,76,124,123,1,1,22,22,33,111,110,158,159,1,1,22,22,33,86,87,135,134,2,2,24,24,33,51,57,106,104,3,3,0,0,33,30,31,98,97,3,3,2,2,33,18,19,87,86,0,0,2,2,33,5,6,76,75,0,0,1,1,33,58,52,107,109,4,3,13,1,33,31,32,99,98,3,3,2,2,33,39,45,102,100,3,3,0,0,33,19,20,88,87,0,0,2,2,33,6,7,77,76,0,0,1,1,33,32,33,94,99,3,4,6,2,33,46,40,103,105,3,3,9,12,33,20,21,70,88,0,0,2,2,33,7,8,78,77,0,0,1,1,33,3,22,89,71,0,0,21,2,33,34,28,95,101,3,4,2,8,33,8,9,66,78,0,0,1,1,33,22,23,90,89,0,0,16,21,33,0,10,79,67,0,0,0,7,33,23,24,91,90,0,0,17,16,33,10,11,80,79,0,0,0,0,33,57,63,108,106,3,4,7,0,33,59,58,109,110,3,4,1,1,33,24,25,92,91,0,0,14,17,33,11,12,81,80,0,0,0,0,33,156,118,119,137,15,24,23,18,33,122,142,120,121,22,25,18,26,33,142,148,141,120,25,3,18,18,33,148,150,140,141,3,3,18,18,33,150,152,139,140,3,3,18,18,33,152,154,138,139,3,3,18,18,33,154,156,137,138,3,15,18,18,33,115,127,143,114,20,3,27,22,33,114,143,144,126,22,27,24,22,33,126,144,145,125,22,24,24,22,33,125,145,146,124,22,24,24,22,33,124,146,147,123,22,24,24,22,33,123,147,142,122,22,24,25,22,33,127,128,149,143,3,3,18,27,33,128,129,151,149,3,3,18,18,33,129,130,153,151,3,3,18,18,33,130,131,155,153,3,3,18,18,33,131,116,157,155,3,3,19,18,33,116,117,132,157,3,28,24,19,33,157,132,133,158,19,24,24,22,33,158,133,134,159,22,24,24,22,33,159,134,135,160,22,24,24,22,33,160,135,136,161,22,24,24,22,33,161,136,118,156,22,24,24,15,33,91,92,140,139,17,14,18,18,33,80,81,129,128,0,0,3,3,33,92,93,141,140,14,11,18,18,33,81,82,130,129,0,0,3,3,33,66,67,115,114,1,7,20,22,33,93,72,120,141,11,5,18,18,33,82,83,131,130,0,0,3,3,33,68,69,117,116,0,6,28,3,33,83,68,116,131,0,0,3,3,33,70,71,119,118,2,2,23,24,33,101,95,143,149,8,2,27,18,33,69,84,132,117,6,2,24,28,33,72,73,121,120,5,1,26,18,33,95,96,144,143,2,2,24,27,33,94,100,148,142,6,0,3,25,33,84,85,133,132,2,2,24,24,33,73,74,122,121,1,1,22,26,33,96,97,145,144,2,2,24,24,33,103,101,149,151,9,8,18,18,33,85,86,134,133,2,2,24,24,33,110,109,157,158,1,1,19,22,33,74,75,123,122,1,1,22,22,33,97,98,146,145,2,2,24,24,33,100,102,150,148,0,0,3,3],